{"cameraMode":{"drawMode":0,"name":"Shaded","section":"Shading Mode"},"sceneLighting":true,"audioPlay":false,"sceneViewState":{"m_AlwaysRefresh":false,"showFog":true,"showSkybox":true,"showFlares":true,"showImageEffects":true,"showParticleSystems":true,"showVisualEffectGraphs":true,"m_FxEnabled":true},"in2DMode":false,"pivot":{"x":-0.7474128603935242,"y":533.4503173828125,"z":192.42257690429688},"rotation":{"x":0.08310208469629288,"y":0.9167174696922302,"z":-0.26740676164627077,"w":0.2850812077522278},"size":37.510040283203128,"orthographic":false}