{"cameraMode":{"drawMode":0,"name":"Shaded","section":"Shading Mode"},"sceneLighting":true,"audioPlay":false,"sceneViewState":{"m_AlwaysRefresh":false,"showFog":true,"showSkybox":true,"showFlares":true,"showImageEffects":true,"showParticleSystems":true,"showVisualEffectGraphs":true,"m_FxEnabled":true},"in2DMode":false,"pivot":{"x":-11.419477462768555,"y":739.4038696289063,"z":821.2548217773438},"rotation":{"x":0.018780376762151719,"y":0.9783919453620911,"z":-0.17835107445716859,"w":0.10309834033250809},"size":12.12435531616211,"orthographic":false}